{"cameraMode":{"drawMode":0,"name":"Shaded","section":"Shading Mode"},"sceneLighting":false,"audioPlay":false,"sceneViewState":{"showFog":true,"showMaterialUpdate":false,"showSkybox":false,"showFlares":true,"showImageEffects":true,"showParticleSystems":true},"in2DMode":false,"pivot":{"x":36.27000045776367,"y":17.850000381469728,"z":13.619999885559082},"rotation":{"x":0.250910222530365,"y":-0.11007338762283325,"z":0.028719423338770868,"w":0.9613158106803894},"size":2.180389165878296,"orthographic":true}