{"cameraMode":{"drawMode":0,"name":"Shaded","section":"Shading Mode"},"sceneLighting":true,"audioPlay":false,"sceneViewState":{"showFog":true,"showMaterialUpdate":false,"showSkybox":true,"showFlares":true,"showImageEffects":true,"showParticleSystems":true},"in2DMode":false,"pivot":{"x":40.19065856933594,"y":28.641489028930665,"z":29.407567977905275},"rotation":{"x":0.1661940962076187,"y":0.25277379155158999,"z":-0.0441325344145298,"w":0.9521410465240479},"size":19.56231117248535,"orthographic":true}